round,player_id,first_equip_tick,match_number
5,65283,17550,1
8,65282,38349,1
8,65284,33191,1
8,65287,33204,1
9,65282,42661,1
10,65280,57536,1
10,65282,51795,1
10,65284,54315,1
10,65286,51929,1
11,65280,58188,1
11,65282,58045,1
11,65283,58224,1
11,65286,61210,1
12,65283,64190,1
12,65286,63859,1
18,65288,96359,1
19,65286,101712,1
19,65288,101763,1
20,65286,108500,1
20,65288,109654,1
21,65286,114532,1
21,65288,114846,1
22,65282,129941,1
22,65286,124673,1
22,65288,123760,1
23,65281,130727,1
23,65283,131201,1
23,65286,130921,1
23,65287,136539,1
23,65288,130686,1
24,65282,136898,1
24,65284,137091,1
24,65287,138010,1
4,65280,22152,2
5,65280,27296,2
6,65280,33220,2
7,65284,40458,2
8,65281,45647,2
8,65287,45688,2
8,65288,46188,2
9,65281,54004,2
10,65281,56904,2
10,65286,59102,2
10,65287,56647,2
10,65288,56755,2
12,65283,68713,2
5,65280,35153,3
5,65282,26727,3
5,65283,32617,3
6,65280,35541,3
6,65282,36321,3
6,65287,41130,3
6,65288,35416,3
7,65282,44342,3
8,65282,51681,3
9,65282,58237,3
9,65288,57749,3
10,65282,65593,3
11,65282,72444,3
12,65281,77220,3
12,65282,77334,3
12,65289,80100,3
16,65287,96298,3
17,65282,103514,3
17,65283,105219,3
17,65284,104671,3
17,65286,110710,3
17,65287,103922,3
18,65285,115761,3
18,65286,110992,3
19,65282,116605,3
19,65285,116562,3
19,65287,120183,3
20,65287,121865,3
21,65287,127468,3
21,65289,131340,3
22,65287,134721,3
22,65288,135303,3
22,65289,134208,3
23,65281,139408,3
23,65283,138784,3
23,65287,139529,3
23,65288,138566,3
24,65284,146046,3
4,65285,20318,4
4,65288,17959,4
5,65281,26495,4
5,65283,31916,4
5,65288,26064,4
6,65281,36998,4
6,65283,36800,4
6,65284,36556,4
6,65288,36247,4
7,65286,41858,4
7,65288,43112,4
8,65283,56155,4
8,65285,50387,4
8,65288,49820,4
9,65283,61013,4
10,65283,70705,4
10,65288,66044,4
10,65289,67257,4
11,65283,77251,4
11,65288,77186,4
12,65281,83991,4
12,65282,83471,4
12,65283,84365,4
12,65288,87490,4
16,65285,105149,4
16,65287,105095,4
16,65288,108578,4
17,65287,110260,4
17,65288,109181,4
18,65280,114359,4
18,65283,115407,4
18,65288,115002,4
18,65289,115234,4
19,65283,118435,4
19,65285,117510,4
20,65283,125374,4
20,65285,124711,4
20,65287,129087,4
21,65287,129314,4
21,65288,129495,4
3,65280,16274,5
3,65289,13763,5
4,65280,22075,5
5,65280,29111,5
5,65285,32012,5
5,65288,27592,5
8,65280,46074,5
9,65280,54201,5
9,65283,53382,5
9,65285,53228,5
10,65280,60152,5
10,65283,59720,5
11,65280,65719,5
11,65283,65352,5
11,65289,72727,5
12,65280,75452,5
12,65282,75611,5
12,65283,75441,5
12,65285,75561,5
12,65287,79023,5
12,65288,78086,5
16,65282,105868,5
16,65288,98700,5
17,65282,106965,5
17,65289,106157,5
18,65280,112599,5
18,65285,113880,5
18,65287,115491,5
18,65288,116610,5
18,65289,114127,5
19,65288,119504,5
19,65289,119029,5
21,65282,132386,5
22,65281,138625,5
22,65282,138440,5
22,65287,138801,5
23,65280,143290,5
23,65282,144355,5
23,65285,147028,5
24,65280,149656,5
24,65282,149739,5
6,65280,34693,6
6,65288,33263,6
6,65289,31241,6
7,65280,35426,6
7,65282,34998,6
8,65280,40059,6
8,65282,40151,6
9,65280,45430,6
9,65282,44453,6
10,65280,50516,6
10,65282,49476,6
10,65283,53149,6
10,65287,49828,6
11,65280,53239,6
11,65281,56937,6
11,65282,53356,6
11,65283,53547,6
11,65284,53748,6
12,65280,57633,6
12,65282,57116,6
12,65283,57426,6
12,65284,57131,6
17,65282,78378,6
21,65289,99310,6
22,65289,107957,6
23,65282,116709,6
23,65287,117073,6
24,65282,122985,6
24,65287,122602,6
7,65280,35207,7
8,65280,38302,7
9,65280,41229,7
9,65281,44728,7
10,65280,45199,7
10,65281,45250,7
11,65280,51113,7
11,65286,51033,7
12,65280,55370,7
12,65282,59423,7
6,65280,30612,8
6,65283,29951,8
7,65280,35580,8
7,65283,35545,8
8,65280,41950,8
8,65283,38662,8
9,65280,44736,8
9,65283,44081,8
9,65284,48223,8
9,65287,43971,8
10,65280,50013,8
10,65283,48954,8
10,65284,48568,8
11,65280,53163,8
11,65283,52282,8
12,65283,60847,8
4,65289,16936,9
5,65289,25410,9
6,65280,31253,9
6,65283,32686,9
6,65289,32102,9
7,65289,37913,9
8,65283,47675,9
8,65289,47196,9
9,65289,52562,9
10,65282,65528,9
10,65289,61558,9
11,65280,68020,9
11,65282,65838,9
12,65289,71544,9
16,65287,103588,9
16,65289,96364,9
17,65280,109801,9
17,65287,103674,9
17,65289,104046,9
18,65280,110150,9
19,65280,115044,9
19,65287,116444,9
19,65289,116696,9
20,65280,118336,9
20,65283,118491,9
5,65284,24634,10
8,65283,39194,10
9,65288,44761,10
10,65282,49859,10
10,65284,49681,10
10,65286,53291,10
10,65287,52004,10
11,65286,57436,10
11,65287,56248,10
12,65286,63701,10
19,65285,102407,10
20,65280,109285,10
20,65285,109185,10
20,65286,111930,10
21,65280,114209,10
21,65281,118707,10
21,65283,114060,10
21,65284,114139,10
21,65286,115723,10
22,65280,120040,10
22,65281,119736,10
22,65284,120024,10
23,65280,124631,10
23,65284,124744,10
24,65280,130802,10
24,65284,130665,10
24,65286,132456,10
5,65280,26097,11
5,65281,20649,11
5,65283,26397,11
5,65285,20617,11
5,65286,24980,11
6,65280,27075,11
6,65281,28025,11
6,65283,26850,11
6,65287,34350,11
7,65281,34847,11
7,65283,34793,11
7,65285,35015,11
7,65286,41787,11
7,65288,41719,11
7,65289,35064,11
8,65285,43060,11
8,65288,42711,11
8,65289,42145,11
9,65281,52685,11
9,65285,49367,11
9,65288,48461,11
9,65289,48383,11
10,65281,56238,11
10,65287,59019,11
11,65287,59741,11
11,65289,59884,11
12,65287,63338,11
12,65289,63687,11
16,65280,84221,11
17,65280,93445,11
17,65283,93739,11
17,65285,93645,11
17,65287,100441,11
18,65281,100841,11
18,65285,101800,11
18,65287,100675,11
18,65288,100755,11
18,65289,101144,11
19,65281,111058,11
19,65289,116284,11
20,65281,116710,11
20,65282,122804,11
20,65283,119132,11
20,65285,118066,11
20,65289,116432,11
21,65280,129539,11
21,65285,126149,11
22,65280,132535,11
22,65285,138358,11
23,65281,141024,11
23,65283,142391,11
23,65285,142001,11
4,65283,17916,12
4,65285,17709,12
4,65288,21916,12
5,65283,29772,12
5,65285,23314,12
5,65288,23524,12
6,65283,30606,12
6,65285,35016,12
6,65286,34719,12
6,65287,30573,12
6,65288,30691,12
7,65283,37773,12
7,65285,37634,12
7,65288,37634,12
8,65285,45235,12
8,65288,45393,12
9,65285,50427,12
9,65288,52460,12
10,65282,60181,12
10,65285,55609,12
10,65287,57769,12
10,65288,56746,12
10,65289,58435,12
11,65281,70977,12
11,65285,63979,12
11,65286,63404,12
11,65287,63216,12
11,65288,64218,12
12,65280,74367,12
12,65283,74649,12
12,65285,73488,12
12,65287,73875,12
12,65288,73760,12
12,65289,73645,12
16,65280,96649,12
16,65285,96594,12
16,65288,96563,12
17,65280,103841,12
17,65283,103209,12
18,65283,107734,12
18,65285,108990,12
18,65288,108396,12
18,65289,108039,12
19,65285,114658,12
19,65287,118550,12
19,65288,114905,12
20,65285,118851,12
20,65287,119106,12
20,65288,119260,12
20,65289,118908,12
3,65281,19709,13
3,65285,11782,13
3,65286,12297,13
4,65281,20258,13
4,65285,23693,13
5,65281,25279,13
5,65282,29427,13
5,65285,24842,13
5,65286,25170,13
5,65287,32724,13
6,65285,33884,13
6,65286,33711,13
7,65281,38095,13
7,65282,42542,13
7,65285,38290,13
7,65286,38169,13
8,65286,45113,13
8,65287,53158,13
9,65286,54503,13
9,65287,53854,13
10,65282,63087,13
10,65286,60139,13
11,65282,73989,13
11,65286,66412,13
12,65280,74599,13
12,65281,75741,13
12,65282,74501,13
15,65285,100561,13
16,65285,106265,13
17,65285,110643,13
18,65286,117519,13
19,65285,128817,13
19,65286,125666,13
20,65285,129090,13
20,65286,129484,13
20,65287,134938,13
21,65286,135392,13
22,65286,143780,13
3,65280,8903,14
3,65281,13308,14
3,65283,8645,14
3,65285,8608,14
4,65282,14382,14
4,65283,17683,14
4,65284,13804,14
5,65283,19138,14
5,65284,19307,14
6,65280,24667,14
6,65283,25382,14
6,65287,25169,14
7,65280,34154,14
7,65281,38884,14
7,65282,35327,14
7,65283,34297,14
7,65284,34640,14
7,65285,37214,14
7,65288,34266,14
8,65280,45957,14
8,65281,42352,14
8,65283,42451,14
8,65288,42873,14
9,65280,46916,14
9,65281,48010,14
9,65282,48208,14
9,65283,46965,14
10,65280,55867,14
10,65282,52833,14
10,65283,52624,14
10,65285,57362,14
10,65286,55569,14
10,65289,53538,14
11,65280,58488,14
11,65282,58733,14
11,65283,59220,14
11,65284,61345,14
11,65285,61588,14
11,65287,58763,14
11,65288,61531,14
12,65283,66520,14
12,65285,63852,14
12,65286,64804,14
12,65288,63436,14
16,65285,86637,14
16,65287,86783,14
16,65288,94390,14
17,65280,99981,14
17,65283,96022,14
17,65285,95887,14
17,65287,95022,14
17,65288,95045,14
18,65280,100244,14
18,65282,101107,14
18,65283,100377,14
3,65282,11131,15
4,65282,17010,15
5,65281,24106,15
5,65282,20634,15
6,65280,25851,15
6,65281,25749,15
7,65280,30238,15
7,65286,29777,15
8,65282,41345,15
8,65283,36514,15
8,65285,36123,15
8,65286,36303,15
9,65282,42072,15
9,65285,43964,15
9,65288,42217,15
10,65280,49122,15
10,65282,50040,15
10,65283,54715,15
10,65285,48907,15
11,65281,58081,15
11,65282,55245,15
11,65283,54939,15
11,65284,58190,15
11,65285,55233,15
12,65281,61561,15
12,65282,62031,15
12,65286,61592,15
3,65289,9689,16
4,65284,15580,16
4,65285,22351,16
4,65286,15673,16
5,65283,30535,16
5,65285,22929,16
5,65288,27783,16
5,65289,23131,16
6,65280,31687,16
6,65284,30744,16
6,65286,34315,16
6,65288,33956,16
7,65284,40289,16
7,65286,37598,16
7,65289,37395,16
8,65284,45041,16
8,65285,47011,16
8,65286,43617,16
9,65284,51416,16
9,65288,51347,16
9,65289,52290,16
10,65280,58321,16
10,65286,56962,16
10,65289,57398,16
11,65285,71367,16
11,65286,61434,16
11,65289,63253,16
12,65284,76141,16
12,65285,71972,16
12,65289,71861,16
16,65284,94352,16
16,65289,98273,16
17,65280,106604,16
17,65284,102951,16
17,65286,99885,16
17,65288,100003,16
17,65289,100494,16
18,65280,107933,16
18,65286,110393,16
18,65287,107694,16
18,65288,107771,16
18,65289,107385,16
19,65280,115015,16
19,65284,118813,16
19,65286,115485,16
19,65287,115351,16
19,65288,115454,16
19,65289,116902,16
20,65280,120716,16
20,65281,121697,16
20,65284,120117,16
20,65285,123936,16
20,65286,120736,16
21,65280,129294,16
21,65284,127467,16
21,65285,127481,16
21,65286,127452,16
22,65280,132364,16
22,65281,133828,16
22,65286,131863,16
22,65287,134950,16
23,65285,139157,16
23,65286,138245,16
23,65288,137805,16
24,65281,151152,16
24,65285,145388,16
24,65286,145695,16
4,65280,13580,17
5,65286,19274,17
6,65285,22367,17
6,65286,22169,17
6,65289,26688,17
7,65286,26959,17
7,65289,27073,17
8,65280,31553,17
8,65286,33071,17
8,65289,32148,17
9,65280,36099,17
9,65283,37315,17
9,65285,39467,17
9,65286,35640,17
9,65289,36576,17
10,65283,40281,17
10,65285,39511,17
10,65286,39507,17
10,65288,40352,17
10,65289,40516,17
11,65280,46999,17
11,65283,47342,17
11,65285,46210,17
11,65286,46226,17
11,65288,46198,17
12,65285,53103,17
12,65286,53159,17
12,65288,53287,17
9,65284,61519,18
9,65285,53917,18
10,65284,61884,18
11,65284,68972,18
12,65280,74243,18
12,65284,74298,18
12,65285,79092,18
12,65286,74557,18
12,65287,75993,18
17,65280,111240,18
17,65283,109976,18
17,65286,110606,18
17,65287,110617,18
18,65287,121843,18
19,65281,127899,18
19,65283,129252,18
19,65287,131654,18
19,65288,127145,18
20,65287,134327,18
21,65285,141065,18
21,65287,139323,18
22,65281,144622,18
22,65283,151784,18
23,65281,152674,18
23,65283,152090,18
23,65284,152432,18
24,65281,159271,18
5,65287,20266,19
6,65288,25436,19
7,65288,29422,19
8,65288,38796,19
9,65285,42880,19
9,65287,46881,19
10,65287,50202,19
10,65289,49991,19
11,65287,54740,19
11,65289,55224,19
12,65282,66561,19
12,65285,63181,19
12,65286,63135,19
12,65287,63433,19
12,65288,64798,19
15,65282,81259,19
15,65287,78377,19
16,65282,83672,19
16,65284,89018,19
17,65282,89598,19
17,65284,90275,19
17,65285,95631,19
18,65287,96350,19
18,65289,96185,19
5,65284,24634,20
8,65283,39194,20
9,65288,44761,20
10,65282,49859,20
10,65284,49681,20
10,65286,53291,20
10,65287,52004,20
11,65286,57436,20
11,65287,56248,20
12,65286,63701,20
19,65285,102407,20
20,65280,109285,20
20,65285,109185,20
20,65286,111930,20
21,65280,114209,20
21,65281,118707,20
21,65283,114060,20
21,65284,114139,20
21,65286,115723,20
22,65280,120040,20
22,65281,119736,20
22,65284,120024,20
23,65280,124631,20
23,65284,124744,20
24,65280,130802,20
24,65284,130665,20
24,65286,132456,20
4,65280,17235,21
5,65280,22945,21
6,65280,27392,21
7,65280,35411,21
7,65284,37998,21
7,65287,35525,21
8,65280,43695,21
8,65283,43329,21
8,65284,44274,21
9,65280,48351,21
9,65284,47571,21
9,65286,47646,21
10,65280,53350,21
10,65283,53080,21
10,65284,54526,21
11,65280,57325,21
11,65282,64550,21
11,65284,58442,21
11,65286,66026,21
12,65280,66667,21
12,65281,67749,21
12,65282,66218,21
12,65283,67133,21
12,65284,66747,21
12,65286,66220,21
12,65287,67862,21
4,65284,18694,22
5,65280,26931,22
5,65282,29647,22
5,65284,26065,22
5,65286,27937,22
6,65280,30810,22
6,65282,29811,22
6,65284,31141,22
6,65285,36501,22
7,65281,37075,22
7,65282,36889,22
7,65285,37060,22
7,65286,36777,22
8,65285,43286,22
9,65280,49810,22
9,65284,51330,22
9,65285,47639,22
10,65280,52797,22
10,65284,52417,22
10,65285,51897,22
10,65287,54899,22
11,65280,56485,22
11,65284,60810,22
11,65285,55874,22
11,65287,56028,22
12,65284,62180,22
20,65280,107712,22
20,65282,103914,22
21,65280,109895,22
21,65281,113932,22
21,65282,114076,22
21,65285,108641,22
22,65280,114363,22
22,65282,114148,22
22,65283,114424,22
23,65280,118305,22
5,65289,23543,24
6,65281,29306,24
6,65289,30251,24
7,65281,40283,24
7,65287,37034,24
7,65289,36080,24
8,65281,43807,24
9,65281,50752,24
9,65282,51253,24
9,65288,50961,24
10,65281,59665,24
10,65282,60641,24
10,65288,59987,24
10,65289,63917,24
11,65281,66947,24
11,65288,66254,24
11,65289,67531,24
12,65282,76809,24
12,65289,72690,24
16,65281,93916,24
16,65282,94257,24
17,65281,100560,24
17,65283,103532,24
17,65288,107362,24
18,65282,107505,24
18,65288,108160,24
19,65285,116435,24
19,65288,112208,24
20,65281,119071,24
20,65288,118977,24
21,65281,123316,24
21,65284,123023,24
22,65281,131104,24
22,65287,137090,24
23,65281,137582,24
23,65282,142936,24
23,65286,138018,24
24,65281,143115,24
24,65282,142953,24
24,65289,143083,24
5,65283,25826,25
5,65288,28450,25
6,65283,35342,25
6,65286,31174,25
7,65283,37210,25
8,65281,45157,25
8,65283,41805,25
9,65281,46208,25
9,65283,45761,25
10,65283,51010,25
10,65284,53249,25
10,65288,51127,25
11,65282,56558,25
11,65286,55739,25
11,65288,56810,25
11,65289,57719,25
12,65282,61834,25
12,65285,65464,25
12,65288,60930,25
21,65282,110187,25
3,65281,18138,26
3,65286,22390,26
4,65286,23531,26
5,65286,28912,26
6,65280,36845,26
6,65286,35890,26
6,65288,36786,26
9,65286,53316,26
10,65281,65694,26
10,65282,61254,26
10,65283,63870,26
10,65286,61050,26
11,65281,68160,26
11,65283,69233,26
12,65280,77123,26
12,65281,76083,26
12,65282,77051,26
12,65283,76283,26
12,65284,80811,26
20,65280,128512,26
24,65281,152051,26
24,65289,154120,26
5,65280,29506,27
7,65288,43813,27
9,65280,55474,27
18,65282,105048,27
18,65283,101317,27
18,65285,101003,27
19,65282,109026,27
19,65285,108928,27
19,65287,112794,27
20,65285,112939,27
20,65287,113955,27
4,65289,13397,28
5,65281,17198,28
5,65282,19522,28
5,65286,19989,28
5,65289,17024,28
6,65285,22880,28
7,65281,25434,28
7,65283,30193,28
8,65283,31623,28
9,65283,37051,28
10,65283,43869,28
11,65285,51592,28
11,65286,50994,28
12,65282,53839,28
16,65284,74126,28
17,65283,78626,28
17,65284,81405,28
17,65288,83832,28
18,65283,84162,28
18,65287,88184,28
18,65288,85028,28
18,65289,84102,28
19,65280,92767,28
19,65283,91589,28
19,65288,89861,28
19,65289,88757,28
20,65280,94709,28
20,65283,94676,28
20,65286,98398,28
20,65287,97440,28
21,65282,100835,28
21,65283,98838,28
21,65284,101188,28
21,65285,98874,28
21,65286,99864,28
21,65289,99049,28
22,65281,103430,28
22,65282,103890,28
23,65281,108658,28
23,65282,109297,28
7,65285,40165,29
8,65281,49206,29
8,65285,45133,29
9,65281,50432,29
10,65281,57053,29
10,65284,59274,29
10,65286,55947,29
11,65282,60029,29
11,65286,59530,29
12,65281,66096,29
12,65282,65770,29
12,65287,65230,29
17,65286,92977,29
18,65286,96412,29
19,65286,101362,29
20,65280,106289,29
20,65284,109162,29
20,65285,106263,29
20,65286,106209,29
21,65280,113679,29
21,65286,113444,29
5,65287,24069,30
6,65289,30435,30
7,65285,36653,30
7,65286,36854,30
7,65289,36775,30
8,65288,44031,30
9,65288,50376,30
10,65286,55279,30
10,65287,55291,30
10,65288,55258,30
11,65280,63832,30
11,65285,65588,30
11,65286,60540,30
11,65287,61535,30
11,65288,60161,30
11,65289,60273,30
12,65280,67674,30
12,65285,67527,30
12,65286,66882,30
12,65287,68139,30
12,65288,66875,30
16,65285,85581,30
16,65287,86253,30
16,65289,85805,30
4,65289,20861,31
5,65289,27187,31
6,65282,41500,31
6,65289,34169,31
7,65282,42878,31
8,65282,52392,31
9,65282,57283,31
9,65284,58220,31
10,65284,62851,31
11,65280,69169,31
11,65282,69847,31
11,65284,68718,31
11,65289,69220,31
12,65280,76876,31
12,65282,80873,31
12,65284,76903,31
16,65284,100084,31
7,65286,38233,32
8,65282,43352,32
8,65286,44227,32
9,65282,48209,32
9,65286,47995,32
10,65280,51713,32
10,65281,51867,32
10,65282,51666,32
10,65286,52681,32
11,65281,56767,32
11,65282,56968,32
11,65286,56811,32
12,65286,68802,32
17,65282,99782,32
18,65281,106403,32
18,65282,104593,32
19,65282,110509,32
19,65287,117574,32
20,65280,118416,32
20,65287,117893,32
21,65280,122808,32
3,65288,12767,33
5,65282,33165,33
5,65283,25973,33
5,65284,25809,33
5,65288,25111,33
6,65282,33313,33
6,65283,34634,33
7,65281,47410,33
7,65282,39999,33
7,65283,40772,33
7,65287,39983,33
8,65281,49069,33
8,65282,47468,33
8,65283,48798,33
8,65284,53067,33
8,65287,53635,33
8,65288,47832,33
8,65289,47818,33
9,65280,59525,33
9,65282,55568,33
9,65283,55019,33
9,65287,54837,33
9,65288,55691,33
10,65280,59874,33
10,65282,60029,33
10,65283,61509,33
10,65284,64585,33
11,65282,67815,33
11,65283,67841,33
11,65288,67676,33
12,65280,73900,33
12,65283,73588,33
12,65287,74833,33
12,65288,75858,33
12,65289,73823,33
16,65282,99956,33
16,65283,99827,33
16,65287,99963,33
16,65289,106036,33
17,65284,106405,33
17,65287,106327,33
17,65289,107184,33
18,65287,112519,33
18,65289,112854,33
4,65283,15712,34
5,65283,22863,34
10,65280,49867,34
10,65285,47187,34
11,65280,50861,34
19,65285,100347,34
19,65287,99805,34
20,65285,104344,34
20,65288,109325,34
21,65283,114046,34
21,65288,113399,34
22,65283,119861,34
4,65283,16719,35
4,65288,17591,35
5,65280,28398,35
5,65281,23094,35
5,65283,26651,35
5,65288,22719,35
6,65281,29060,35
6,65282,28624,35
6,65283,28573,35
7,65281,34502,35
7,65282,35841,35
7,65283,34562,35
7,65286,36584,35
8,65281,40929,35
8,65282,40999,35
8,65283,40320,35
9,65281,45685,35
9,65282,45650,35
9,65283,44326,35
9,65286,47389,35
9,65287,44418,35
9,65288,51152,35
10,65281,52260,35
10,65282,51527,35
10,65283,52161,35
10,65284,51542,35
10,65288,52406,35
11,65280,60208,35
11,65281,59780,35
11,65282,60962,35
11,65283,59855,35
11,65284,59814,35
11,65285,63785,35
11,65286,65099,35
11,65287,63724,35
11,65288,59785,35
12,65286,65764,35
12,65287,66834,35
12,65288,65681,35
15,65282,93049,35
16,65281,102721,35
16,65289,106181,35
17,65280,111190,35
17,65288,107330,35
17,65289,106321,35
18,65281,112801,35
18,65284,112684,35
19,65281,117365,35
19,65282,116479,35
19,65288,122355,35
20,65281,123899,35
20,65282,125096,35
20,65284,123840,35
21,65282,130734,35
21,65283,130981,35
21,65284,131706,35
21,65288,133674,35
22,65282,135670,35
22,65284,135571,35
24,65281,144262,35
24,65288,144414,35
4,65281,13150,36
4,65285,15804,36
5,65280,17637,36
5,65281,18561,36
5,65283,18125,36
6,65281,21495,36
6,65282,24810,36
6,65283,21658,36
6,65287,20472,36
7,65281,27151,36
7,65283,27180,36
7,65284,30515,36
8,65284,31016,36
9,65284,33695,36
10,65284,36798,36
10,65286,36747,36
11,65284,41311,36
12,65283,44715,36
12,65284,43956,36
12,65286,44747,36
12,65287,44033,36
12,65289,45611,36
5,65282,27445,37
5,65285,30499,37
6,65282,37223,37
6,65286,35201,37
7,65282,37984,37
7,65288,42991,37
8,65280,43333,37
8,65282,43604,37
8,65285,46040,37
8,65288,44627,37
9,65285,50275,37
9,65287,50256,37
10,65287,54599,37
11,65280,61245,37
11,65281,58639,37
11,65285,60238,37
11,65287,58863,37
12,65285,66766,37
12,65286,66972,37
12,65287,66763,37
16,65281,89617,37
16,65287,93650,37
17,65280,93977,37
17,65282,94027,37
17,65286,98949,37
17,65287,93961,37
18,65286,101868,37
18,65287,102074,37
4,65281,21322,38
4,65282,16155,38
5,65282,21574,38
5,65287,21636,38
5,65288,21642,38
5,65289,23259,38
6,65282,28866,38
7,65281,43937,38
7,65282,36257,38
7,65288,53608,38
8,65282,54087,38
8,65288,54626,38
9,65282,60560,38
10,65282,64403,38
11,65282,72390,38
12,65282,80050,38
12,65288,79920,38
15,65282,94365,38
3,65286,10689,40
4,65281,16842,40
5,65281,19687,40
5,65285,22312,40
6,65281,24988,40
6,65286,24907,40
6,65288,24820,40
6,65289,25052,40
7,65281,31203,40
7,65284,34503,40
7,65287,30700,40
8,65280,40507,40
8,65281,35902,40
8,65282,36983,40
8,65286,35591,40
8,65288,35523,40
9,65281,40822,40
10,65280,48551,40
10,65287,52953,40
10,65289,48777,40
11,65280,57964,40
11,65287,53191,40
11,65289,54285,40
12,65281,59815,40
12,65282,58270,40
12,65285,60088,40
12,65286,58370,40
17,65286,87012,40
17,65289,86331,40
18,65281,98096,40
18,65283,103298,40
18,65285,97526,40
18,65286,97699,40
19,65281,104866,40
19,65283,103420,40
19,65286,103589,40
19,65287,107471,40
20,65286,108884,40
20,65287,108701,40
3,65280,8903,41
3,65281,13308,41
3,65283,8645,41
3,65285,8608,41
4,65282,14382,41
4,65283,17683,41
4,65284,13804,41
5,65283,19138,41
5,65284,19307,41
6,65280,24667,41
6,65283,25382,41
6,65287,25169,41
7,65280,34154,41
7,65281,38884,41
7,65282,35327,41
7,65283,34297,41
7,65284,34640,41
7,65285,37214,41
7,65288,34266,41
8,65280,45957,41
8,65281,42352,41
8,65283,42451,41
8,65288,42873,41
9,65280,46916,41
9,65281,48010,41
9,65282,48208,41
9,65283,46965,41
10,65280,55867,41
10,65282,52833,41
10,65283,52624,41
10,65285,57362,41
10,65286,55569,41
10,65289,53538,41
11,65280,58488,41
11,65282,58733,41
11,65283,59220,41
11,65284,61345,41
11,65285,61588,41
11,65287,58763,41
11,65288,61531,41
12,65283,66520,41
12,65285,63852,41
12,65286,64804,41
12,65288,63436,41
16,65285,86637,41
16,65287,86783,41
16,65288,94390,41
17,65280,99981,41
17,65283,96022,41
17,65285,95887,41
17,65287,95022,41
17,65288,95045,41
18,65280,100244,41
18,65282,101107,41
18,65283,100377,41
4,65289,14284,42
6,65281,26251,42
6,65285,27809,42
6,65286,27631,42
6,65289,25901,42
7,65281,32779,42
7,65284,34929,42
7,65285,32251,42
7,65286,34035,42
7,65287,33200,42
7,65289,34435,42
8,65282,39902,42
8,65285,40170,42
8,65289,40148,42
9,65281,50178,42
9,65282,47862,42
9,65285,46586,42
10,65281,54145,42
10,65282,54873,42
10,65285,53762,42
10,65287,57483,42
10,65289,56812,42
11,65281,58183,42
11,65283,62397,42
11,65284,62188,42
11,65285,57730,42
11,65287,57749,42
11,65289,58057,42
12,65280,65749,42
12,65281,63737,42
12,65282,63440,42
12,65284,62980,42
12,65285,64669,42
12,65287,62993,42
12,65289,62923,42
16,65281,85234,42
16,65289,79841,42
17,65281,86699,42
4,65280,16842,43
4,65289,16804,43
5,65283,30273,43
5,65288,25072,43
6,65283,32737,43
7,65282,43062,43
7,65283,39569,43
7,65289,38579,43
8,65283,44281,43
8,65284,43856,43
9,65283,47006,43
9,65284,47089,43
9,65285,46894,43
9,65286,47106,43
9,65289,48439,43
10,65280,52362,43
10,65283,53086,43
10,65284,52568,43
10,65288,53527,43
11,65280,59984,43
11,65283,60798,43
11,65289,60692,43
12,65280,64092,43
12,65281,65225,43
12,65283,64570,43
12,65284,64671,43
15,65289,78097,43
16,65283,84618,43
16,65289,81490,43
17,65283,87458,43
18,65283,91851,43
19,65281,99093,43
19,65283,98486,43
19,65284,100122,43
19,65285,104077,43
20,65283,104514,43
20,65286,105932,43
20,65288,105327,43
21,65282,112254,43
21,65283,113179,43
21,65284,113281,43
5,65280,22747,44
6,65280,32605,44
6,65289,35328,44
7,65281,38767,44
7,65289,39635,44
8,65287,45232,44
8,65289,45513,44
9,65281,51349,44
9,65286,51241,44
10,65281,59933,44
10,65287,63460,44
11,65287,65934,44
11,65289,67200,44
12,65289,72540,44
17,65280,99314,44
17,65281,99281,44
18,65280,105083,44
18,65281,105304,44
19,65280,110001,44
19,65281,110158,44
20,65280,116563,44
20,65281,116606,44
21,65280,121875,44
21,65281,122130,44
4,65282,13726,45
5,65289,18686,45
6,65282,22969,45
6,65284,23185,45
6,65289,22627,45
7,65282,31712,45
7,65284,28177,45
7,65289,28086,45
8,65282,32352,45
8,65284,32249,45
9,65282,35092,45
9,65284,35589,45
10,65281,41176,45
10,65282,40639,45
10,65287,41584,45
10,65288,40599,45
11,65281,48797,45
11,65284,48927,45
12,65283,57321,45
12,65284,56487,45
12,65287,56734,45
17,65282,82444,45
18,65286,87705,45
18,65287,87851,45
18,65288,87372,45
19,65280,93260,45
19,65282,96431,45
19,65287,93299,45
19,65289,93707,45
20,65287,99860,45
21,65283,108637,45
21,65284,105374,45
21,65287,105230,45
22,65280,114859,45
22,65285,112662,45
22,65289,112451,45
23,65282,116440,45
24,65282,123367,45
7,65282,29934,46
7,65285,30390,46
8,65285,39020,46
8,65288,40463,46
9,65286,47236,46
9,65289,47502,46
10,65280,52683,46
10,65286,52338,46
11,65280,58033,46
11,65286,58438,46
11,65289,58173,46
12,65280,62537,46
12,65282,62066,46
12,65285,62923,46
12,65286,63294,46
12,65289,62379,46
16,65285,82088,46
16,65286,83594,46
17,65280,91680,46
17,65281,88064,46
17,65285,88383,46
17,65286,87844,46
18,65280,92056,46
18,65281,92032,46
19,65280,101401,46
19,65281,101438,46
19,65285,104212,46
19,65286,101300,46
20,65280,107633,46
20,65281,108551,46
20,65285,110547,46
20,65286,107773,46
20,65288,107674,46
21,65280,113388,46
21,65282,113531,46
21,65285,113098,46
21,65287,114220,46
21,65289,114279,46
22,65280,119617,46
22,65281,120053,46
22,65285,120026,46
9,65281,44455,47
9,65285,47061,47
9,65287,44344,47
10,65280,53212,47
10,65281,48727,47
10,65288,48825,47
11,65280,53471,47
11,65281,53510,47
12,65280,59235,47
12,65281,59008,47
12,65283,59931,47
12,65288,61781,47
16,65282,79912,47
16,65289,75030,47
17,65281,80498,47
17,65282,80006,47
17,65284,80303,47
18,65281,85792,47
18,65287,90309,47
19,65280,95742,47
19,65281,91173,47
19,65287,90772,47
19,65288,92180,47
19,65289,90837,47
4,65286,16706,48
5,65286,22710,48
6,65286,28589,48
7,65280,40619,48
7,65285,41322,48
7,65286,36469,48
8,65285,41857,48
8,65286,42768,48
9,65286,45392,48
9,65288,45595,48
10,65281,52664,48
10,65286,53361,48
10,65287,52552,48
10,65288,52393,48
11,65280,57000,48
11,65286,57044,48
11,65287,57179,48
11,65288,56987,48
11,65289,56963,48
12,65281,64175,48
12,65287,64085,48
12,65288,64203,48
12,65289,64065,48
4,65287,16935,49
5,65280,25472,49
5,65283,29208,49
5,65287,25457,49
5,65289,26244,49
6,65287,35477,49
7,65280,43504,49
7,65289,40716,49
8,65284,52702,49
8,65289,48781,49
9,65280,54668,49
9,65282,53285,49
9,65284,53120,49
9,65287,54061,49
9,65289,59801,49
10,65280,60623,49
10,65284,62973,49
10,65285,62280,49
10,65289,60747,49
11,65280,63443,49
12,65280,68522,49
12,65283,69500,49
12,65285,72700,49
12,65289,74197,49
21,65288,128260,49
22,65288,133364,49
23,65288,137737,49
23,65289,137323,49
24,65280,143684,49
3,65282,12447,51
3,65286,16107,51
4,65281,22427,51
4,65285,18889,51
4,65286,17642,51
12,65280,69450,51
12,65285,70668,51
12,65286,70535,51
15,65280,92104,51
15,65284,86319,51
15,65285,86081,51
16,65280,95987,51
16,65282,94589,51
16,65285,95196,51
16,65289,94152,51
17,65281,104000,51
17,65282,104826,51
19,65282,119701,51
19,65287,128096,51
20,65285,129329,51
20,65287,128350,51
21,65285,133607,51
22,65285,137972,51
23,65285,145394,51
4,65284,13274,52
5,65284,18409,52
5,65286,17492,52
5,65287,17610,52
5,65289,17020,52
6,65284,22931,52
6,65286,21559,52
7,65284,29685,52
8,65283,36856,52
8,65284,33110,52
8,65287,34601,52
8,65288,32967,52
9,65283,37063,52
9,65284,37823,52
10,65283,40202,52
10,65284,40213,52
11,65283,44834,52
11,65284,46282,52
12,65283,50194,52
12,65284,50168,52
12,65289,49526,52
16,65280,68398,52
16,65284,68286,52
17,65280,72864,52
17,65284,73626,52
17,65289,78001,52
18,65289,79354,52
19,65289,85744,52
20,65289,87988,52
6,65282,26641,53
7,65282,35656,53
7,65288,40753,53
8,65281,41586,53
8,65282,42093,53
8,65288,41255,53
9,65282,47875,53
10,65282,53590,53
11,65281,57261,53
11,65282,57804,53
12,65282,66247,53
15,65282,81637,53
18,65288,98522,53
19,65288,103809,53
22,65282,122819,53
23,65285,127933,53
23,65288,128093,53
5,65280,22216,54
6,65281,26580,54
7,65280,33525,54
7,65281,30946,54
7,65283,38273,54
7,65286,30934,54
7,65288,30916,54
8,65283,39494,54
9,65280,47044,54
9,65283,46283,54
11,65286,62996,54
12,65282,69127,54
12,65284,69287,54
12,65289,68747,54
16,65280,92567,54
16,65283,94153,54
16,65289,98582,54
17,65289,99083,54
18,65289,102181,54
19,65280,111122,54
19,65281,107333,54
19,65282,109255,54
19,65289,107821,54
20,65288,115373,54
4,65286,14961,55
5,65283,19105,55
5,65286,19462,55
5,65287,22891,55
6,65280,30593,55
6,65283,25905,55
6,65286,26069,55
6,65288,28078,55
7,65283,33405,55
7,65284,34728,55
7,65286,33575,55
7,65287,33316,55
8,65286,37394,55
9,65283,41484,55
9,65284,42781,55
9,65286,41385,55
10,65286,47929,55
11,65286,52403,55
12,65283,56091,55
12,65286,55938,55
12,65287,58081,55
6,65282,25873,56
6,65289,25973,56
7,65282,29951,56
7,65283,30823,56
7,65284,29907,56
7,65285,29520,56
7,65288,33958,56
7,65289,29470,56
8,65282,36118,56
8,65285,35428,56
8,65288,34369,56
8,65289,34302,56
9,65282,41514,56
10,65282,50851,56
10,65286,49477,56
10,65289,50610,56
11,65282,56176,56
11,65285,57076,56
11,65286,62057,56
11,65289,56992,56
12,65283,64487,56
12,65286,62681,56
12,65289,62362,56
5,65285,25799,57
6,65285,32842,57
7,65281,39963,57
7,65285,39881,57
8,65285,44035,57
9,65285,50160,57
10,65285,55413,57
11,65285,63406,57
11,65286,65144,57
12,65280,72325,57
12,65282,73208,57
12,65285,70301,57
12,65286,70303,57
12,65287,70821,57
7,65280,30948,58
7,65284,32969,58
8,65280,42262,58
8,65285,39549,58
8,65288,35867,58
8,65289,35877,58
9,65280,43624,58
10,65280,48359,58
11,65280,55595,58
11,65283,54436,58
11,65286,54279,58
11,65289,57857,58
12,65280,58892,58
12,65282,58322,58
12,65285,58229,58
12,65286,58244,58
12,65288,58743,58
17,65288,81934,58
18,65288,85845,58
21,65280,106315,58
21,65283,101266,58
22,65286,108966,58
4,65280,17940,59
4,65281,17615,59
5,65285,24841,59
6,65284,38545,59
6,65285,32362,59
6,65288,32665,59
6,65289,32500,59
7,65283,39323,59
7,65284,38963,59
7,65287,39794,59
7,65288,40389,59
8,65288,46360,59
9,65288,61856,59
10,65280,75830,59
10,65285,67689,59
10,65288,68000,59
11,65280,76995,59
11,65284,82417,59
11,65285,76916,59
11,65287,77793,59
11,65288,76472,59
12,65280,83039,59
12,65282,82699,59
12,65283,88023,59
12,65288,83059,59
16,65288,108308,59
17,65288,113975,59
18,65288,121419,59
19,65280,134288,59
19,65285,129476,59
19,65287,129439,59
19,65288,129326,59
20,65287,138131,59
20,65288,139181,59
21,65280,145806,59
21,65287,148966,59
21,65288,144586,59
5,65282,31593,60
6,65282,37134,60
7,65282,45573,60
8,65289,53973,60
10,65282,64222,60
11,65280,72202,60
11,65282,72417,60
11,65283,75738,60
11,65287,72933,60
11,65289,72247,60
12,65280,84698,60
12,65282,82081,60
12,65283,82207,60
12,65287,81407,60
12,65288,85390,60
16,65284,107476,60
16,65285,102482,60
16,65287,102469,60
16,65289,102529,60
17,65282,109932,60
17,65284,109569,60
17,65285,109342,60
17,65288,111508,60
17,65289,110830,60
18,65280,115868,60
18,65282,116725,60
18,65284,115758,60
18,65286,115889,60
4,65282,25720,61
4,65287,30747,61
4,65288,29531,61
5,65287,31159,61
5,65288,31312,61
6,65282,42539,61
6,65287,38663,61
6,65288,36648,61
7,65282,42900,61
11,65285,72197,61
11,65287,68061,61
11,65288,67943,61
12,65283,72841,61
12,65288,72609,61
15,65284,99816,61
16,65283,109393,61
16,65284,107187,61
16,65286,112613,61
16,65288,106278,61
17,65280,113379,61
17,65283,113078,61
17,65286,112799,61
17,65288,112805,61
17,65289,113940,61
18,65283,118044,61
18,65286,117923,61
18,65289,118429,61
19,65289,125081,61
5,65281,20445,62
5,65286,26783,62
6,65286,27934,62
6,65288,34162,62
7,65288,34531,62
7,65289,36262,62
8,65283,48521,62
8,65289,42351,62
9,65283,48775,62
10,65283,54931,62
11,65283,59844,62
12,65280,66131,62
12,65281,66272,62
12,65289,66164,62
19,65282,103635,62
19,65283,103758,62
19,65285,108793,62
20,65283,111198,62
20,65285,111241,62
20,65286,111333,62
20,65289,111545,62
21,65283,117403,62
22,65280,127956,62
22,65281,127732,62
22,65283,128265,62
5,65281,17999,64
5,65285,18644,64
5,65289,18835,64
6,65281,23804,64
6,65283,23917,64
6,65289,29176,64
7,65281,32680,64
7,65287,32689,64
8,65282,39480,64
8,65283,40087,64
8,65287,36460,64
9,65281,42225,64
9,65284,41358,64
9,65288,41277,64
10,65282,51398,64
10,65283,46486,64
10,65284,45780,64
10,65288,45875,64
11,65281,51763,64
11,65282,51634,64
11,65284,52837,64
12,65281,55402,64
12,65284,56604,64
15,65286,68347,64
15,65288,66729,64
18,65284,82085,64
19,65284,88785,64
20,65283,95260,64
20,65284,94859,64
20,65286,95000,64
21,65281,99893,64
21,65286,99768,64
22,65283,105448,64
22,65286,105835,64
23,65281,113144,64
23,65286,112771,64
23,65288,112747,64
24,65286,117512,64
24,65288,117871,64
3,65282,10617,65
5,65281,27029,65
5,65289,30639,65
6,65282,38764,65
6,65285,33694,65
6,65289,33420,65
7,65282,39482,65
7,65284,42932,65
7,65285,40540,65
7,65288,43963,65
7,65289,39441,65
8,65282,44318,65
8,65288,45216,65
9,65282,49490,65
9,65284,49640,65
9,65289,49389,65
10,65280,59203,65
10,65284,64802,65
10,65286,60169,65
10,65289,60621,65
11,65280,65474,65
11,65284,65251,65
11,65285,68895,65
12,65282,91136,65
12,65285,72338,65
12,65287,72125,65
12,65289,73519,65
16,65281,110496,65
16,65286,107742,65
17,65281,111176,65
17,65282,112771,65
18,65281,119982,65
18,65282,119930,65
19,65282,124981,65
19,65283,127032,65
19,65285,124852,65
19,65286,124967,65
20,65281,130650,65
20,65282,130939,65
20,65283,130762,65
20,65287,130638,65
5,65282,18548,66
5,65286,21283,66
6,65283,22475,66
6,65286,22991,66
6,65287,27305,66
7,65281,31200,66
7,65286,27809,66
7,65287,27587,66
7,65288,29714,66
8,65281,35991,66
8,65287,34839,66
9,65287,39638,66
10,65286,46689,66
10,65287,43412,66
12,65288,55216,66
15,65282,68161,66
15,65289,72270,66
16,65283,72958,66
16,65289,72561,66
17,65286,76413,66
18,65286,83655,66
18,65287,82567,66
19,65283,87221,66
20,65283,94394,66
20,65284,96094,66
23,65282,117841,66
23,65283,112859,66
23,65286,115868,66
24,65282,118435,66
24,65287,121050,66
3,65289,11646,67
4,65282,17033,67
4,65289,16959,67
5,65282,27562,67
5,65283,25929,67
5,65289,21962,67
6,65282,29120,67
6,65288,36878,67
6,65289,28968,67
7,65282,37376,67
7,65287,37485,67
8,65282,45907,67
9,65282,54827,67
9,65285,57570,67
10,65282,58546,67
10,65284,61690,67
10,65285,58457,67
10,65287,59469,67
10,65288,59085,67
11,65287,64203,67
12,65281,71702,67
12,65287,68501,67
12,65289,67010,67
16,65282,91061,67
16,65283,99083,67
16,65287,91169,67
17,65282,100713,67
17,65283,99188,67
17,65287,105666,67
18,65287,109075,67
18,65289,107853,67
19,65280,118261,67
19,65286,121518,67
19,65287,114350,67
19,65289,112995,67
20,65286,122190,67
20,65287,123112,67
20,65288,122053,67
20,65289,121626,67
21,65280,129732,67
21,65287,125850,67
21,65288,125598,67
21,65289,126832,67
5,65282,20213,68
5,65289,24321,68
6,65289,24969,68
7,65281,31926,68
7,65284,31849,68
7,65288,31927,68
7,65289,31812,68
8,65281,37681,68
8,65286,41741,68
8,65288,40118,68
8,65289,36469,68
9,65281,41922,68
9,65284,41867,68
9,65286,41810,68
10,65286,47818,68
11,65281,51760,68
11,65284,57985,68
11,65286,51572,68
12,65281,60487,68
12,65284,59212,68
12,65286,59560,68
12,65287,63447,68
12,65289,59553,68
15,65281,73620,68
15,65286,77010,68
16,65286,77280,68
16,65289,77429,68
17,65281,87887,68
17,65289,81096,68
18,65280,90403,68
18,65281,91942,68
18,65285,91133,68
19,65281,96621,68
20,65281,99482,68
21,65281,107533,68
21,65282,111660,68
21,65285,107310,68
22,65282,112444,68
6,65289,27230,69
7,65280,33615,69
7,65283,32696,69
8,65280,42535,69
8,65281,48301,69
8,65286,41571,69
9,65280,50183,69
9,65281,48700,69
9,65283,54297,69
9,65289,48823,69
10,65280,55606,69
10,65281,54912,69
10,65283,54575,69
10,65289,55342,69
11,65280,60489,69
11,65281,59725,69
12,65280,64812,69
12,65281,64874,69
12,65282,64698,69
12,65284,66860,69
4,65280,15605,70
5,65283,25316,70
5,65288,20122,70
5,65289,20508,70
6,65283,25819,70
6,65284,25857,70
10,65280,54925,70
10,65285,52149,70
11,65282,57011,70
12,65282,60707,70
16,65281,82231,70
16,65285,80574,70
17,65281,88530,70
18,65284,93871,70
18,65285,97558,70
19,65285,102485,70
20,65285,111499,70
21,65285,116755,70
22,65283,126616,70
22,65284,124799,70
22,65285,124745,70
23,65284,138444,70
23,65285,132988,70
24,65284,140921,70
5,65281,22225,71
5,65289,19859,71
9,65280,45281,71
9,65289,42472,71
10,65283,54079,71
10,65289,49040,71
11,65283,54271,71
23,65283,115448,71
24,65283,133404,71
3,65287,17860,72
4,65287,25017,72
5,65286,28332,72
7,65285,42827,72
7,65287,47171,72
8,65287,50562,72
9,65282,64511,72
9,65287,61746,72
10,65282,64713,72
10,65284,65295,72
11,65284,69948,72
11,65286,70167,72
12,65287,77280,72
12,65288,77455,72
16,65286,98520,72
17,65287,104772,72
3,65284,10346,73
3,65289,18124,73
4,65280,23021,73
4,65285,19186,73
4,65289,18330,73
5,65284,23576,73
9,65289,44665,73
10,65280,49534,73
10,65284,49658,73
10,65289,55110,73
11,65280,58176,73
11,65282,58185,73
11,65284,58413,73
12,65280,64860,73
12,65284,68435,73
12,65287,65394,73
15,65284,78703,73
16,65282,85704,73
16,65284,86044,73
16,65286,84748,73
17,65281,91909,73
17,65283,93645,73
17,65284,94822,73
17,65286,92388,73
18,65281,97591,73
18,65283,96415,73
18,65284,96396,73
19,65280,104206,73
19,65281,103918,73
19,65283,104013,73
19,65284,104852,73
19,65289,109691,73
20,65280,109863,73
20,65283,110177,73
20,65287,117030,73
20,65289,109779,73
21,65285,118670,73
22,65281,123248,73
22,65282,126979,73
22,65285,124084,73
22,65289,127901,73
23,65280,129151,73
23,65281,133500,73
23,65284,130009,73
23,65285,129534,73
23,65289,129042,73
24,65281,134293,73
24,65283,134715,73
24,65288,137967,73
6,65283,26326,74
6,65284,28964,74
6,65287,26955,74
7,65283,32585,74
7,65284,32504,74
7,65287,32450,74
8,65283,36666,74
8,65284,35563,74
9,65282,40481,74
9,65283,40500,74
10,65281,51207,74
10,65282,47999,74
11,65283,53218,74
11,65286,53333,74
11,65287,53765,74
11,65288,53446,74
11,65289,53126,74
12,65287,59201,74
12,65289,58427,74
19,65285,98514,74
20,65287,103899,74
20,65288,104100,74
10,65286,58322,75
10,65289,57753,75
11,65286,61646,75
11,65289,60984,75
12,65286,68971,75
12,65288,70539,75
12,65289,69032,75
15,65284,86920,75
16,65284,91232,75
10,65288,58963,76
21,65284,117498,76
22,65289,123259,76
4,65280,20391,77
4,65283,15957,77
5,65280,25179,77
6,65282,33199,77
6,65286,37142,77
7,65286,37837,77
8,65286,49766,77
8,65288,45638,77
8,65289,45793,77
9,65286,57076,77
9,65288,56408,77
10,65280,62107,77
10,65287,62138,77
10,65288,62493,77
10,65289,64552,77
11,65282,70473,77
11,65284,66441,77
11,65288,66395,77
11,65289,71454,77
12,65286,77049,77
3,65285,7621,78
4,65287,11510,78
5,65287,17468,78
6,65280,23051,78
6,65283,22656,78
6,65287,22080,78
6,65288,22841,78
7,65282,28276,78
7,65284,28227,78
7,65287,30607,78
7,65288,27814,78
8,65288,32408,78
9,65285,40047,78
9,65287,38673,78
9,65288,38870,78
10,65281,45230,78
10,65282,45831,78
10,65287,48850,78
10,65288,45467,78
11,65280,51709,78
11,65282,50739,78
11,65283,51060,78
11,65284,51165,78
11,65287,54114,78
11,65288,50853,78
12,65280,60145,78
12,65282,59878,78
12,65283,60206,78
12,65284,60411,78
12,65287,59782,78
15,65287,74018,78
16,65280,79599,78
16,65286,78818,78
16,65287,80165,78
17,65283,82506,78
17,65287,81950,78
17,65288,82443,78
18,65280,86935,78
18,65284,89076,78
18,65286,87034,78
18,65287,87993,78
18,65288,86860,78
19,65280,95883,78
19,65288,96057,78
20,65280,102760,78
20,65284,102893,78
20,65287,111447,78
20,65288,101831,78
21,65280,112000,78
21,65281,113175,78
21,65283,111825,78
21,65284,112840,78
21,65285,116464,78
21,65287,112664,78
22,65282,120909,78
22,65287,117162,78
22,65288,117340,78
23,65282,121212,78
24,65280,129196,78
24,65281,129497,78
24,65282,129318,78
24,65283,129468,78
24,65287,129197,78
24,65289,130635,78
3,65282,11131,79
4,65282,17010,79
5,65281,24106,79
5,65282,20634,79
6,65280,25851,79
6,65281,25749,79
7,65280,30238,79
7,65286,29777,79
8,65282,41345,79
8,65283,36514,79
8,65285,36123,79
8,65286,36303,79
9,65282,42072,79
9,65285,43964,79
9,65288,42217,79
10,65280,49122,79
10,65282,50040,79
10,65283,54715,79
10,65285,48907,79
11,65281,58081,79
11,65282,55245,79
11,65283,54939,79
11,65284,58190,79
11,65285,55233,79
12,65281,61561,79
12,65282,62031,79
12,65286,61592,79
6,65284,30807,80
6,65289,36338,80
7,65289,36982,80
8,65280,41554,80
8,65281,40849,80
8,65282,40817,80
8,65285,41027,80
8,65289,40969,80
9,65280,47704,80
9,65282,46894,80
9,65288,47486,80
10,65280,55662,80
11,65280,65728,80
11,65287,70530,80
12,65284,71360,80
12,65287,71493,80
17,65284,101124,80
17,65286,102341,80
17,65287,101689,80
18,65281,113386,80
18,65287,108051,80
19,65281,114590,80
20,65281,120939,80
21,65281,125961,80
21,65285,127908,80
22,65281,131180,80
22,65285,131085,80
22,65286,133084,80
22,65287,131671,80
4,65287,14683,81
4,65288,14666,81
5,65283,22538,81
5,65287,18699,81
6,65283,26802,81
6,65288,26223,81
7,65283,33524,81
8,65283,38855,81
8,65287,43726,81
9,65281,44217,81
9,65282,47458,81
9,65287,43820,81
10,65281,50588,81
10,65282,49810,81
10,65286,55363,81
11,65281,59043,81
11,65286,56437,81
11,65288,56553,81
7,65282,27768,82
8,65280,36522,82
8,65283,35038,82
8,65285,37978,82
8,65288,34182,82
9,65280,43715,82
9,65288,38087,82
10,65280,44136,82
10,65287,44298,82
11,65287,48817,82
12,65287,55931,82
17,65280,88759,82
17,65282,84746,82
17,65283,88759,82
17,65286,85106,82
18,65280,89167,82
18,65283,89004,82
18,65287,89175,82
19,65280,94345,82
19,65283,93997,82
20,65280,100726,82
20,65283,99265,82
21,65280,110800,82
21,65283,105173,82
22,65280,111140,82
22,65281,116092,82
22,65283,112484,82
23,65281,116378,82
23,65283,116408,82
23,65285,116615,82
23,65286,116440,82
24,65283,123581,82
24,65286,122441,82
5,65284,24634,83
8,65283,39194,83
9,65288,44761,83
10,65282,49859,83
10,65284,49681,83
10,65286,53291,83
10,65287,52004,83
11,65286,57436,83
11,65287,56248,83
12,65286,63701,83
19,65285,102407,83
20,65280,109285,83
20,65285,109185,83
20,65286,111930,83
21,65280,114209,83
21,65281,118707,83
21,65283,114060,83
21,65284,114139,83
21,65286,115723,83
22,65280,120040,83
22,65281,119736,83
22,65284,120024,83
23,65280,124631,83
23,65284,124744,83
24,65280,130802,83
24,65284,130665,83
24,65286,132456,83
5,65289,20905,84
6,65282,27751,84
6,65284,31174,84
6,65286,29374,84
6,65289,27808,84
7,65282,33796,84
7,65284,33042,84
8,65282,42162,84
8,65284,45931,84
8,65286,37319,84
9,65280,48257,84
9,65282,48840,84
9,65284,48087,84
9,65285,47874,84
9,65286,47931,84
9,65289,48153,84
10,65286,55781,84
11,65284,65482,84
11,65286,60343,84
11,65288,60420,84
12,65282,66559,84
12,65284,66272,84
12,65285,66560,84
17,65286,91484,84
18,65282,96070,84
18,65284,95937,84
18,65286,98263,84
19,65286,99903,84
20,65286,106955,84
21,65286,109749,84
22,65286,116903,84
23,65286,120951,84
3,65282,11131,85
4,65282,17010,85
5,65281,24106,85
5,65282,20634,85
6,65280,25851,85
6,65281,25749,85
7,65280,30238,85
7,65286,29777,85
8,65282,41345,85
8,65283,36514,85
8,65285,36123,85
8,65286,36303,85
9,65282,42072,85
9,65285,43964,85
9,65288,42217,85
10,65280,49122,85
10,65282,50040,85
10,65283,54715,85
10,65285,48907,85
11,65281,58081,85
11,65282,55245,85
11,65283,54939,85
11,65284,58190,85
11,65285,55233,85
12,65281,61561,85
12,65282,62031,85
12,65286,61592,85
3,65280,8903,86
3,65281,13308,86
3,65283,8645,86
3,65285,8608,86
4,65282,14382,86
4,65283,17683,86
4,65284,13804,86
5,65283,19138,86
5,65284,19307,86
6,65280,24667,86
6,65283,25382,86
6,65287,25169,86
7,65280,34154,86
7,65281,38884,86
7,65282,35327,86
7,65283,34297,86
7,65284,34640,86
7,65285,37214,86
7,65288,34266,86
8,65280,45957,86
8,65281,42352,86
8,65283,42451,86
8,65288,42873,86
9,65280,46916,86
9,65281,48010,86
9,65282,48208,86
9,65283,46965,86
10,65280,55867,86
10,65282,52833,86
10,65283,52624,86
10,65285,57362,86
10,65286,55569,86
10,65289,53538,86
11,65280,58488,86
11,65282,58733,86
11,65283,59220,86
11,65284,61345,86
11,65285,61588,86
11,65287,58763,86
11,65288,61531,86
12,65283,66520,86
12,65285,63852,86
12,65286,64804,86
12,65288,63436,86
16,65285,86637,86
16,65287,86783,86
16,65288,94390,86
17,65280,99981,86
17,65283,96022,86
17,65285,95887,86
17,65287,95022,86
17,65288,95045,86
18,65280,100244,86
18,65282,101107,86
18,65283,100377,86
3,65280,14630,87
3,65282,10848,87
4,65280,15544,87
5,65280,22878,87
5,65285,22086,87
6,65280,28259,87
6,65282,28502,87
6,65287,32375,87
7,65280,32777,87
7,65285,34499,87
7,65286,32895,87
7,65287,32901,87
8,65280,40351,87
8,65285,41581,87
8,65286,40708,87
9,65285,48696,87
9,65286,50830,87
10,65285,52899,87
10,65286,52270,87
11,65285,57607,87
11,65286,56572,87
12,65285,68874,87
12,65286,67490,87
16,65287,85442,87
17,65287,90544,87
18,65283,95188,87
19,65280,101821,87
19,65283,99205,87
19,65286,101203,87
19,65287,99660,87
20,65280,104524,87
20,65283,104065,87
21,65285,108815,87
3,65281,15256,88
4,65281,22843,88
4,65286,28155,88
5,65286,28459,88
6,65281,32378,88
6,65286,32277,88
7,65281,36376,88
8,65281,41556,88
9,65281,51367,88
9,65286,52836,88
10,65281,55079,88
10,65283,54873,88
10,65286,54770,88
10,65289,55858,88
11,65281,61652,88
11,65287,61053,88
15,65281,89992,88
16,65281,99774,88
17,65281,104357,88
17,65286,104014,88
18,65280,111090,88
18,65281,111094,88
18,65286,111040,88
18,65287,111739,88
19,65281,116355,88
19,65283,118141,88
19,65287,116212,88
19,65289,124222,88
20,65288,125967,88
20,65289,124722,88
21,65288,133263,88
22,65281,138139,88
22,65288,137542,88
23,65288,141444,88
4,65282,14433,89
5,65282,19094,89
6,65282,24772,89
6,65286,32502,89
7,65281,37776,89
7,65284,37976,89
7,65286,32803,89
7,65287,32969,89
7,65289,36149,89
8,65281,39256,89
8,65282,39411,89
12,65286,57242,89
16,65282,78356,89
20,65286,109269,89
21,65280,114735,89
22,65280,121275,89
22,65284,125837,89
22,65287,121269,89
22,65289,123575,89
23,65282,136639,89
23,65284,127618,89
24,65282,146050,89
24,65283,146667,89
24,65287,147513,89
4,65282,19436,90
4,65289,14588,90
6,65282,32845,90
6,65285,33403,90
6,65288,32296,90
7,65282,36717,90
7,65284,39913,90
7,65285,36781,90
7,65288,37355,90
7,65289,42263,90
8,65281,46992,90
8,65282,43809,90
8,65283,47292,90
8,65289,42349,90
9,65282,47819,90
9,65283,47494,90
9,65289,47572,90
10,65289,52331,90
11,65285,57704,90
11,65289,57956,90
12,65282,61706,90
12,65285,61434,90
12,65288,61957,90
12,65289,61541,90
16,65282,81857,90
16,65287,81577,90
17,65287,86769,90
18,65285,91448,90
18,65287,90995,90
18,65288,90816,90
5,65283,25921,91
6,65280,36830,91
6,65283,33393,91
6,65289,33090,91
7,65283,38005,91
8,65283,45113,91
9,65283,52013,91
11,65283,61409,91
3,65280,16274,92
3,65289,13763,92
4,65280,22075,92
5,65280,29111,92
5,65285,32012,92
5,65288,27592,92
8,65280,46074,92
9,65280,54201,92
9,65283,53382,92
9,65285,53228,92
10,65280,60152,92
10,65283,59720,92
11,65280,65719,92
11,65283,65352,92
11,65289,72727,92
12,65280,75452,92
12,65282,75611,92
12,65283,75441,92
12,65285,75561,92
12,65287,79023,92
12,65288,78086,92
16,65282,105868,92
16,65288,98700,92
17,65282,106965,92
17,65289,106157,92
18,65280,112599,92
18,65285,113880,92
18,65287,115491,92
18,65288,116610,92
18,65289,114127,92
19,65288,119504,92
19,65289,119029,92
21,65282,132386,92
22,65281,138625,92
22,65282,138440,92
22,65287,138801,92
23,65280,143290,92
23,65282,144355,92
23,65285,147028,92
24,65280,149656,92
24,65282,149739,92
8,65286,41141,93
9,65282,48358,93
9,65286,47576,93
9,65289,48467,93
10,65282,55141,93
10,65286,53217,93
10,65289,52570,93
11,65282,58442,93
11,65286,58202,93
11,65288,58188,93
11,65289,58138,93
12,65282,66906,93
6,65283,31657,94
6,65288,29660,94
6,65289,32294,94
7,65280,37747,94
7,65282,40237,94
7,65286,34980,94
7,65288,35067,94
7,65289,34740,94
8,65280,40762,94
8,65281,40998,94
8,65282,40578,94
8,65283,43141,94
8,65285,41044,94
8,65286,40714,94
8,65288,41908,94
9,65280,44302,94
9,65281,44709,94
9,65283,44674,94
9,65286,48604,94
10,65281,53427,94
10,65284,55346,94
10,65286,53736,94
11,65284,59938,94
11,65286,58287,94
12,65284,62032,94
18,65281,101370,94
18,65285,105986,94
19,65285,107192,94
20,65284,112172,94
20,65285,111951,94
20,65287,117112,94
21,65284,119580,94
21,65285,117526,94
21,65286,117425,94
21,65287,119115,94
21,65289,122139,94
22,65281,122502,94
22,65286,122723,94
22,65288,123006,94
5,65283,24724,95
5,65285,17886,95
5,65287,17651,95
5,65289,17386,95
6,65283,24993,95
6,65287,26014,95
7,65287,32342,95
11,65289,50490,95
12,65283,55333,95
12,65287,54991,95
12,65289,55657,95
16,65282,77312,95
17,65282,82662,95
5,65284,18025,96
6,65284,20952,96
6,65285,20983,96
7,65280,31811,96
7,65281,27697,96
7,65283,27581,96
7,65285,28051,96
7,65289,30964,96
8,65280,32675,96
8,65281,33112,96
9,65281,38457,96
10,65281,43216,96
10,65283,43891,96
10,65287,42422,96
11,65281,46829,96
11,65284,46242,96
11,65286,46218,96
11,65287,46597,96
11,65289,46081,96
12,65281,52033,96
12,65283,57465,96
12,65286,52099,96
12,65287,51593,96
12,65288,51876,96
12,65289,51619,96
15,65283,67532,96
15,65285,65319,96
16,65281,72089,96
16,65282,71744,96
16,65283,71526,96
16,65285,74768,96
17,65281,78396,96
17,65282,79054,96
17,65284,77381,96
17,65285,77523,96
17,65286,81639,96
18,65282,83553,96
18,65284,82150,96
18,65285,83229,96
18,65286,82223,96
18,65287,85039,96
19,65285,86496,96
19,65286,87568,96
19,65289,92067,96
20,65285,92508,96
20,65286,93576,96
20,65289,92482,96
3,65283,12890,98
3,65286,15695,98
4,65284,20555,98
4,65286,18904,98
5,65285,21549,98
5,65287,22773,98
6,65285,27029,98
6,65287,27010,98
6,65289,26722,98
7,65287,32089,98
8,65287,38593,98
9,65286,50709,98
9,65287,46130,98
10,65280,51626,98
10,65281,51080,98
10,65284,51034,98
10,65285,51363,98
10,65287,51737,98
11,65280,58550,98
11,65287,61270,98
11,65289,58303,98
12,65287,62633,98
12,65289,62747,98
18,65280,99264,98
18,65283,95233,98
18,65287,94704,98
19,65280,99629,98
19,65283,100823,98
20,65280,105287,98
20,65283,106251,98
4,65289,13397,99
5,65281,17198,99
5,65282,19522,99
5,65286,19989,99
5,65289,17024,99
6,65285,22880,99
7,65281,25434,99
7,65283,30193,99
8,65283,31623,99
9,65283,37051,99
10,65283,43869,99
11,65285,51592,99
11,65286,50994,99
12,65282,53839,99
16,65284,74126,99
17,65283,78626,99
17,65284,81405,99
17,65288,83832,99
18,65283,84162,99
18,65287,88184,99
18,65288,85028,99
18,65289,84102,99
19,65280,92767,99
19,65283,91589,99
19,65288,89861,99
19,65289,88757,99
20,65280,94709,99
20,65283,94676,99
20,65286,98398,99
20,65287,97440,99
21,65282,100835,99
21,65283,98838,99
21,65284,101188,99
21,65285,98874,99
21,65286,99864,99
21,65289,99049,99
22,65281,103430,99
22,65282,103890,99
23,65281,108658,99
23,65282,109297,99
5,65284,18595,100
5,65287,18539,100
5,65289,22296,100
6,65280,30412,100
6,65281,29890,100
6,65282,30072,100
6,65284,29437,100
6,65289,29976,100
7,65280,35132,100
7,65281,34883,100
7,65282,34364,100
7,65284,34270,100
8,65280,38838,100
8,65282,38970,100
8,65284,38716,100
8,65287,40694,100
8,65288,41311,100
8,65289,39174,100
9,65280,44848,100
9,65282,44763,100
9,65283,48273,100
9,65288,46545,100
9,65289,44896,100
10,65280,48742,100
10,65281,48939,100
10,65282,49390,100
10,65289,52809,100
11,65280,53773,100
11,65282,53603,100
11,65289,53213,100
12,65282,58720,100
12,65287,58281,100
12,65289,58292,100
